<?xml version="1.0" encoding="UTF-8"?>
<deploy
 date="2021.07.20.23:07:54"
 outputDirectory="/home/saxfield/Documents/VHDL/FFT/NCO/">
 <perimeter>
  <parameter
     name="AUTO_GENERATION_ID"
     type="Integer"
     defaultValue="0"
     onHdl="0"
     affectsHdl="1" />
  <parameter
     name="AUTO_UNIQUE_ID"
     type="String"
     defaultValue=""
     onHdl="0"
     affectsHdl="1" />
  <parameter
     name="AUTO_DEVICE_FAMILY"
     type="String"
     defaultValue="Cyclone V"
     onHdl="0"
     affectsHdl="1" />
  <parameter
     name="AUTO_DEVICE"
     type="String"
     defaultValue="5CGXFC7C7F23C8"
     onHdl="0"
     affectsHdl="1" />
  <parameter
     name="AUTO_DEVICE_SPEEDGRADE"
     type="String"
     defaultValue="8_H7"
     onHdl="0"
     affectsHdl="1" />
  <parameter
     name="AUTO_CLK_CLOCK_RATE"
     type="Long"
     defaultValue="-1"
     onHdl="0"
     affectsHdl="1" />
  <parameter
     name="AUTO_CLK_CLOCK_DOMAIN"
     type="Integer"
     defaultValue="-1"
     onHdl="0"
     affectsHdl="1" />
  <parameter
     name="AUTO_CLK_RESET_DOMAIN"
     type="Integer"
     defaultValue="-1"
     onHdl="0"
     affectsHdl="1" />
  <interface name="clk" kind="clock" start="0">
   <property name="clockRate" value="0" />
   <property name="externallyDriven" value="false" />
   <property name="ptfSchematicName" value="" />
   <port name="clk" direction="input" role="clk" width="1" />
  </interface>
  <interface name="in" kind="conduit" start="0">
   <property name="associatedClock" value="clk" />
   <property name="associatedReset" value="rst" />
   <port name="clken" direction="input" role="clken" width="1" />
   <port name="phi_inc_i" direction="input" role="phi_inc_i" width="32" />
  </interface>
  <interface name="out" kind="conduit" start="0">
   <property name="associatedClock" value="clk" />
   <property name="associatedReset" value="rst" />
   <port name="fsin_o" direction="output" role="fsin_o" width="14" />
   <port name="fcos_o" direction="output" role="fcos_o" width="14" />
   <port name="out_valid" direction="output" role="out_valid" width="1" />
  </interface>
  <interface name="rst" kind="reset" start="0">
   <property name="associatedClock" value="clk" />
   <property name="synchronousEdges" value="DEASSERT" />
   <port name="reset_n" direction="input" role="reset_n" width="1" />
  </interface>
 </perimeter>
 <entity
   path=""
   parameterizationKey="NCO:1.0:AUTO_CLK_CLOCK_DOMAIN=-1,AUTO_CLK_CLOCK_RATE=-1,AUTO_CLK_RESET_DOMAIN=-1,AUTO_DEVICE=5CGXFC7C7F23C8,AUTO_DEVICE_FAMILY=Cyclone V,AUTO_DEVICE_SPEEDGRADE=8_H7,AUTO_GENERATION_ID=1626836874,AUTO_UNIQUE_ID=(altera_nco_ii:19.1:apr=32,aprf=32,apri=16,aprp=16,arch=large_rom,cordic_arch=parallel,cycles_per_output=1,design_env=NATIVE,dpri=4,fmod_pipe=1,freq_out=0.390625,fsamp=40.0,hyper_opt=false,hyper_opt_select=false,mpr=14,numba=1,numch=1,phi_inc=41943040,pmod_pipe=1,real_freq_out=0.3906,selected_device_family=Cyclone V,trig_cycles_per_output=1,use_dedicated_multipliers=true,want_dither=true,want_freq_mod=false,want_phase_mod=false,want_sin_and_cos=dual_output)"
   instancePathKey="NCO"
   kind="NCO"
   version="1.0"
   name="NCO">
  <parameter name="AUTO_CLK_CLOCK_RATE" value="-1" />
  <parameter name="AUTO_GENERATION_ID" value="1626836874" />
  <parameter name="AUTO_DEVICE" value="5CGXFC7C7F23C8" />
  <parameter name="AUTO_DEVICE_FAMILY" value="Cyclone V" />
  <parameter name="AUTO_CLK_RESET_DOMAIN" value="-1" />
  <parameter name="AUTO_CLK_CLOCK_DOMAIN" value="-1" />
  <parameter name="AUTO_UNIQUE_ID" value="" />
  <parameter name="AUTO_DEVICE_SPEEDGRADE" value="8_H7" />
  <generatedFiles>
   <file
       path="/home/saxfield/Documents/VHDL/FFT/NCO/synthesis/NCO.v"
       type="VERILOG" />
  </generatedFiles>
  <childGeneratedFiles>
   <file
       path="/home/saxfield/Documents/VHDL/FFT/NCO/synthesis/submodules/asj_nco_mob_rw.v"
       type="VERILOG"
       attributes="" />
   <file
       path="/home/saxfield/Documents/VHDL/FFT/NCO/synthesis/submodules/asj_nco_isdr.v"
       type="VERILOG"
       attributes="" />
   <file
       path="/home/saxfield/Documents/VHDL/FFT/NCO/synthesis/submodules/asj_nco_apr_dxx.v"
       type="VERILOG"
       attributes="" />
   <file
       path="/home/saxfield/Documents/VHDL/FFT/NCO/synthesis/submodules/asj_dxx_g.v"
       type="VERILOG"
       attributes="" />
   <file
       path="/home/saxfield/Documents/VHDL/FFT/NCO/synthesis/submodules/asj_dxx.v"
       type="VERILOG"
       attributes="" />
   <file
       path="/home/saxfield/Documents/VHDL/FFT/NCO/synthesis/submodules/asj_gal.v"
       type="VERILOG"
       attributes="" />
   <file
       path="/home/saxfield/Documents/VHDL/FFT/NCO/synthesis/submodules/asj_nco_as_m_cen.v"
       type="VERILOG"
       attributes="" />
   <file
       path="/home/saxfield/Documents/VHDL/FFT/NCO/synthesis/submodules/asj_altqmcpipe.v"
       type="VERILOG"
       attributes="" />
   <file
       path="/home/saxfield/Documents/VHDL/FFT/NCO/synthesis/submodules/NCO_nco_ii_0_sin.hex"
       type="HEX"
       attributes="" />
   <file
       path="/home/saxfield/Documents/VHDL/FFT/NCO/synthesis/submodules/NCO_nco_ii_0_cos.hex"
       type="HEX"
       attributes="" />
   <file
       path="/home/saxfield/Documents/VHDL/FFT/NCO/synthesis/submodules/NCO_nco_ii_0.v"
       type="VERILOG"
       attributes="" />
   <file
       path="/home/saxfield/Documents/VHDL/FFT/NCO/synthesis/submodules/asj_altq.ocp"
       type="OTHER"
       attributes="" />
   <file
       path="/home/saxfield/Documents/VHDL/FFT/NCO/synthesis/submodules/asj_altqmcash.ocp"
       type="OTHER"
       attributes="" />
   <file
       path="/home/saxfield/Documents/VHDL/FFT/NCO/synthesis/submodules/asj_altqmcpipe.ocp"
       type="OTHER"
       attributes="" />
  </childGeneratedFiles>
  <sourceFiles>
   <file path="/home/saxfield/Documents/VHDL/FFT/NCO.qsys" />
  </sourceFiles>
  <childSourceFiles>
   <file
       path="/home/saxfield/intelFPGA_lite/19.1/ip/altera/dsp/altera_nco_ii/altera_nco_ii_hw.tcl" />
   <file
       path="/home/saxfield/intelFPGA_lite/19.1/ip/altera/dsp/altera_nco_ii/nco_helper.jar" />
  </childSourceFiles>
  <messages>
   <message level="Debug" culprit="NCO">queue size: 0 starting:NCO "NCO"</message>
   <message level="Progress" culprit="min"></message>
   <message level="Progress" culprit="max"></message>
   <message level="Progress" culprit="current"></message>
   <message level="Debug">Transform: CustomInstructionTransform</message>
   <message level="Debug">No custom instruction connections, skipping transform </message>
   <message level="Debug" culprit="merlin_custom_instruction_transform"><![CDATA[After transform: <b>1</b> modules, <b>0</b> connections]]></message>
   <message level="Debug">Transform: MMTransform</message>
   <message level="Debug">Transform: InterruptMapperTransform</message>
   <message level="Debug">Transform: InterruptSyncTransform</message>
   <message level="Debug">Transform: InterruptFanoutTransform</message>
   <message level="Debug">Transform: AvalonStreamingTransform</message>
   <message level="Debug">Transform: ResetAdaptation</message>
   <message level="Debug" culprit="NCO"><![CDATA["<b>NCO</b>" reuses <b>altera_nco_ii</b> "<b>submodules/NCO_nco_ii_0</b>"]]></message>
   <message level="Debug" culprit="NCO">queue size: 0 starting:altera_nco_ii "submodules/NCO_nco_ii_0"</message>
   <message level="Info" culprit="nco_ii_0"><![CDATA["<b>NCO</b>" instantiated <b>altera_nco_ii</b> "<b>nco_ii_0</b>"]]></message>
  </messages>
 </entity>
 <entity
   path="submodules/"
   parameterizationKey="altera_nco_ii:19.1:apr=32,aprf=32,apri=16,aprp=16,arch=large_rom,cordic_arch=parallel,cycles_per_output=1,design_env=NATIVE,dpri=4,fmod_pipe=1,freq_out=0.390625,fsamp=40.0,hyper_opt=false,hyper_opt_select=false,mpr=14,numba=1,numch=1,phi_inc=41943040,pmod_pipe=1,real_freq_out=0.3906,selected_device_family=Cyclone V,trig_cycles_per_output=1,use_dedicated_multipliers=true,want_dither=true,want_freq_mod=false,want_phase_mod=false,want_sin_and_cos=dual_output"
   instancePathKey="NCO:.:nco_ii_0"
   kind="altera_nco_ii"
   version="19.1"
   name="NCO_nco_ii_0">
  <parameter name="aprp" value="16" />
  <parameter name="numba" value="1" />
  <parameter name="cordic_arch" value="parallel" />
  <parameter name="pmod_pipe" value="1" />
  <parameter name="fsamp" value="40.0" />
  <parameter name="cycles_per_output" value="1" />
  <parameter name="selected_device_family" value="Cyclone V" />
  <parameter name="apri" value="16" />
  <parameter name="aprf" value="32" />
  <parameter name="want_dither" value="true" />
  <parameter name="hyper_opt_select" value="false" />
  <parameter name="want_phase_mod" value="false" />
  <parameter name="apr" value="32" />
  <parameter name="hyper_opt" value="false" />
  <parameter name="trig_cycles_per_output" value="1" />
  <parameter name="dpri" value="4" />
  <parameter name="mpr" value="14" />
  <parameter name="design_env" value="NATIVE" />
  <parameter name="numch" value="1" />
  <parameter name="want_freq_mod" value="false" />
  <parameter name="use_dedicated_multipliers" value="true" />
  <parameter name="want_sin_and_cos" value="dual_output" />
  <parameter name="phi_inc" value="41943040" />
  <parameter name="fmod_pipe" value="1" />
  <parameter name="arch" value="large_rom" />
  <parameter name="freq_out" value="0.390625" />
  <parameter name="real_freq_out" value="0.3906" />
  <generatedFiles>
   <file
       path="/home/saxfield/Documents/VHDL/FFT/NCO/synthesis/submodules/asj_nco_mob_rw.v"
       type="VERILOG"
       attributes="" />
   <file
       path="/home/saxfield/Documents/VHDL/FFT/NCO/synthesis/submodules/asj_nco_isdr.v"
       type="VERILOG"
       attributes="" />
   <file
       path="/home/saxfield/Documents/VHDL/FFT/NCO/synthesis/submodules/asj_nco_apr_dxx.v"
       type="VERILOG"
       attributes="" />
   <file
       path="/home/saxfield/Documents/VHDL/FFT/NCO/synthesis/submodules/asj_dxx_g.v"
       type="VERILOG"
       attributes="" />
   <file
       path="/home/saxfield/Documents/VHDL/FFT/NCO/synthesis/submodules/asj_dxx.v"
       type="VERILOG"
       attributes="" />
   <file
       path="/home/saxfield/Documents/VHDL/FFT/NCO/synthesis/submodules/asj_gal.v"
       type="VERILOG"
       attributes="" />
   <file
       path="/home/saxfield/Documents/VHDL/FFT/NCO/synthesis/submodules/asj_nco_as_m_cen.v"
       type="VERILOG"
       attributes="" />
   <file
       path="/home/saxfield/Documents/VHDL/FFT/NCO/synthesis/submodules/asj_altqmcpipe.v"
       type="VERILOG"
       attributes="" />
   <file
       path="/home/saxfield/Documents/VHDL/FFT/NCO/synthesis/submodules/NCO_nco_ii_0_sin.hex"
       type="HEX"
       attributes="" />
   <file
       path="/home/saxfield/Documents/VHDL/FFT/NCO/synthesis/submodules/NCO_nco_ii_0_cos.hex"
       type="HEX"
       attributes="" />
   <file
       path="/home/saxfield/Documents/VHDL/FFT/NCO/synthesis/submodules/NCO_nco_ii_0.v"
       type="VERILOG"
       attributes="" />
   <file
       path="/home/saxfield/Documents/VHDL/FFT/NCO/synthesis/submodules/asj_altq.ocp"
       type="OTHER"
       attributes="" />
   <file
       path="/home/saxfield/Documents/VHDL/FFT/NCO/synthesis/submodules/asj_altqmcash.ocp"
       type="OTHER"
       attributes="" />
   <file
       path="/home/saxfield/Documents/VHDL/FFT/NCO/synthesis/submodules/asj_altqmcpipe.ocp"
       type="OTHER"
       attributes="" />
  </generatedFiles>
  <childGeneratedFiles/>
  <sourceFiles>
   <file
       path="/home/saxfield/intelFPGA_lite/19.1/ip/altera/dsp/altera_nco_ii/altera_nco_ii_hw.tcl" />
   <file
       path="/home/saxfield/intelFPGA_lite/19.1/ip/altera/dsp/altera_nco_ii/nco_helper.jar" />
  </sourceFiles>
  <childSourceFiles/>
  <instantiator instantiator="NCO" as="nco_ii_0" />
  <messages>
   <message level="Debug" culprit="NCO">queue size: 0 starting:altera_nco_ii "submodules/NCO_nco_ii_0"</message>
   <message level="Info" culprit="nco_ii_0"><![CDATA["<b>NCO</b>" instantiated <b>altera_nco_ii</b> "<b>nco_ii_0</b>"]]></message>
  </messages>
 </entity>
</deploy>
