# system info NCO on 2021.07.20.23:07:52
system_info:
name,value
DEVICE,5CGXFC7C7F23C8
DEVICE_FAMILY,Cyclone V
GENERATION_ID,1626836871
#
#
# Files generated for NCO on 2021.07.20.23:07:52
files:
filepath,kind,attributes,module,is_top
simulation/NCO.v,VERILOG,,NCO,true
simulation/submodules/mentor/asj_nco_mob_rw.v,VERILOG_ENCRYPT,MENTOR_SPECIFIC,NCO_nco_ii_0,false
simulation/submodules/aldec/asj_nco_mob_rw.v,VERILOG_ENCRYPT,ALDEC_SPECIFIC,NCO_nco_ii_0,false
simulation/submodules/synopsys/asj_nco_mob_rw.v,VERILOG_ENCRYPT,SYNOPSYS_SPECIFIC,NCO_nco_ii_0,false
simulation/submodules/cadence/asj_nco_mob_rw.v,VERILOG_ENCRYPT,CADENCE_SPECIFIC,NCO_nco_ii_0,false
simulation/submodules/mentor/asj_nco_isdr.v,VERILOG_ENCRYPT,MENTOR_SPECIFIC,NCO_nco_ii_0,false
simulation/submodules/aldec/asj_nco_isdr.v,VERILOG_ENCRYPT,ALDEC_SPECIFIC,NCO_nco_ii_0,false
simulation/submodules/synopsys/asj_nco_isdr.v,VERILOG_ENCRYPT,SYNOPSYS_SPECIFIC,NCO_nco_ii_0,false
simulation/submodules/cadence/asj_nco_isdr.v,VERILOG_ENCRYPT,CADENCE_SPECIFIC,NCO_nco_ii_0,false
simulation/submodules/mentor/asj_nco_apr_dxx.v,VERILOG_ENCRYPT,MENTOR_SPECIFIC,NCO_nco_ii_0,false
simulation/submodules/aldec/asj_nco_apr_dxx.v,VERILOG_ENCRYPT,ALDEC_SPECIFIC,NCO_nco_ii_0,false
simulation/submodules/synopsys/asj_nco_apr_dxx.v,VERILOG_ENCRYPT,SYNOPSYS_SPECIFIC,NCO_nco_ii_0,false
simulation/submodules/cadence/asj_nco_apr_dxx.v,VERILOG_ENCRYPT,CADENCE_SPECIFIC,NCO_nco_ii_0,false
simulation/submodules/mentor/asj_dxx_g.v,VERILOG_ENCRYPT,MENTOR_SPECIFIC,NCO_nco_ii_0,false
simulation/submodules/aldec/asj_dxx_g.v,VERILOG_ENCRYPT,ALDEC_SPECIFIC,NCO_nco_ii_0,false
simulation/submodules/synopsys/asj_dxx_g.v,VERILOG_ENCRYPT,SYNOPSYS_SPECIFIC,NCO_nco_ii_0,false
simulation/submodules/cadence/asj_dxx_g.v,VERILOG_ENCRYPT,CADENCE_SPECIFIC,NCO_nco_ii_0,false
simulation/submodules/mentor/asj_dxx.v,VERILOG_ENCRYPT,MENTOR_SPECIFIC,NCO_nco_ii_0,false
simulation/submodules/aldec/asj_dxx.v,VERILOG_ENCRYPT,ALDEC_SPECIFIC,NCO_nco_ii_0,false
simulation/submodules/synopsys/asj_dxx.v,VERILOG_ENCRYPT,SYNOPSYS_SPECIFIC,NCO_nco_ii_0,false
simulation/submodules/cadence/asj_dxx.v,VERILOG_ENCRYPT,CADENCE_SPECIFIC,NCO_nco_ii_0,false
simulation/submodules/mentor/asj_gal.v,VERILOG_ENCRYPT,MENTOR_SPECIFIC,NCO_nco_ii_0,false
simulation/submodules/aldec/asj_gal.v,VERILOG_ENCRYPT,ALDEC_SPECIFIC,NCO_nco_ii_0,false
simulation/submodules/synopsys/asj_gal.v,VERILOG_ENCRYPT,SYNOPSYS_SPECIFIC,NCO_nco_ii_0,false
simulation/submodules/cadence/asj_gal.v,VERILOG_ENCRYPT,CADENCE_SPECIFIC,NCO_nco_ii_0,false
simulation/submodules/mentor/asj_nco_as_m_cen.v,VERILOG_ENCRYPT,MENTOR_SPECIFIC,NCO_nco_ii_0,false
simulation/submodules/aldec/asj_nco_as_m_cen.v,VERILOG_ENCRYPT,ALDEC_SPECIFIC,NCO_nco_ii_0,false
simulation/submodules/synopsys/asj_nco_as_m_cen.v,VERILOG_ENCRYPT,SYNOPSYS_SPECIFIC,NCO_nco_ii_0,false
simulation/submodules/cadence/asj_nco_as_m_cen.v,VERILOG_ENCRYPT,CADENCE_SPECIFIC,NCO_nco_ii_0,false
simulation/submodules/mentor/asj_altqmcpipe.v,VERILOG_ENCRYPT,MENTOR_SPECIFIC,NCO_nco_ii_0,false
simulation/submodules/aldec/asj_altqmcpipe.v,VERILOG_ENCRYPT,ALDEC_SPECIFIC,NCO_nco_ii_0,false
simulation/submodules/synopsys/asj_altqmcpipe.v,VERILOG_ENCRYPT,SYNOPSYS_SPECIFIC,NCO_nco_ii_0,false
simulation/submodules/cadence/asj_altqmcpipe.v,VERILOG_ENCRYPT,CADENCE_SPECIFIC,NCO_nco_ii_0,false
simulation/submodules/NCO_nco_ii_0_sin.hex,HEX,,NCO_nco_ii_0,false
simulation/submodules/NCO_nco_ii_0_cos.hex,HEX,,NCO_nco_ii_0,false
simulation/submodules/NCO_nco_ii_0.v,VERILOG,,NCO_nco_ii_0,false
simulation/submodules/NCO_nco_ii_0_tb.vhd,OTHER,,NCO_nco_ii_0,false
simulation/submodules/c_model/model_wrapper.cpp,OTHER,,NCO_nco_ii_0,false
simulation/submodules/c_model/nco_model.cpp,OTHER,,NCO_nco_ii_0,false
simulation/submodules/c_model/nco_model.h,OTHER,,NCO_nco_ii_0,false
#
# Map from instance-path to kind of module
instances:
instancePath,module
NCO.nco_ii_0,NCO_nco_ii_0
